,Track.Name,Artist.Name,Genre,Beats.Per.Minute,Energy,Danceability,Loudness..dB..,Liveness,Valence.,Length.,Acousticness..,Speechiness.,Popularity,Length.Pretty
0,Señorita,Shawn Mendes,canadian pop,117,55,76,-6,8,75,191,4,3,79,3:11
1,China,Anuel AA,reggaeton flow,105,81,79,-4,8,61,302,8,9,92,5:02
2,boyfriend (with Social House),Ariana Grande,dance pop,190,80,40,-4,16,70,186,12,46,85,3:06
3,Beautiful People (feat. Khalid),Ed Sheeran,pop,93,65,64,-8,8,55,198,12,19,86,3:18
4,Goodbyes (Feat. Young Thug),Post Malone,dfw rap,150,65,58,-4,11,18,175,45,7,94,2:55
5,I Don't Care (with Justin Bieber),Ed Sheeran,pop,102,68,80,-5,9,84,220,9,4,84,3:40
6,Ransom,Lil Tecca,trap music,180,64,75,-6,7,23,131,2,29,92,2:11
7,How Do You Sleep?,Sam Smith,pop,111,68,48,-5,8,35,202,15,9,90,3:22
8,Old Town Road - Remix,Lil Nas X,country rap,136,62,88,-6,11,64,157,5,10,87,2:37
9,bad guy,Billie Eilish,electropop,135,43,70,-11,10,56,194,33,38,95,3:14
10,Callaita,Bad Bunny,reggaeton,176,62,61,-5,24,24,251,60,31,93,4:11
11,Loco Contigo (feat. J. Balvin & Tyga),DJ Snake,dance pop,96,71,82,-4,15,38,185,28,7,86,3:05
12,Someone You Loved,Lewis Capaldi,pop,110,41,50,-6,11,45,182,75,3,88,3:02
13,Otro Trago - Remix,Sech,panamanian pop,176,79,73,-2,6,76,288,7,20,87,4:48
14,Money In The Grave (Drake ft. Rick Ross),Drake,canadian hip hop,101,50,83,-4,12,10,205,10,5,92,3:25
15,No Guidance (feat. Drake),Chris Brown,dance pop,93,45,70,-7,16,14,261,12,15,82,4:21
16,LA CANCIÓN,J Balvin,latin,176,65,75,-6,11,43,243,15,32,90,4:03
17,Sunflower - Spider-Man: Into the Spider-Verse,Post Malone,dfw rap,90,48,76,-6,7,91,158,56,5,91,2:38
18,Lalala,Y2K,canadian hip hop,130,39,84,-8,14,50,161,18,8,88,2:41
19,Truth Hurts,Lizzo,escape room,158,62,72,-3,12,41,173,11,11,91,2:53
20,Piece Of Your Heart,MEDUZA,pop house,124,74,68,-7,7,63,153,4,3,91,2:33
21,Panini,Lil Nas X,country rap,154,59,70,-6,12,48,115,34,8,91,1:55
22,No Me Conoce - Remix,Jhay Cortez,reggaeton flow,92,79,81,-4,9,58,309,14,7,83,5:09
23,Soltera - Remix,Lunay,latin,92,78,80,-4,44,80,266,36,4,91,4:26
24,bad guy (with Justin Bieber),Billie Eilish,electropop,135,45,67,-11,12,68,195,25,30,89,3:15
25,If I Can't Have You,Shawn Mendes,canadian pop,124,82,69,-4,13,87,191,49,6,70,3:11
26,Dance Monkey,Tones and I,australian pop,98,59,82,-6,18,54,210,69,10,83,3:30
27,It's You,Ali Gatie,canadian hip hop,96,46,73,-7,19,40,213,37,3,89,3:33
28,Con Calma,Daddy Yankee,latin,94,86,74,-3,6,66,193,11,6,91,3:13
29,QUE PRETENDES,J Balvin,latin,93,79,64,-4,36,94,222,3,25,89,3:42
30,Takeaway,The Chainsmokers,edm,85,51,29,-8,10,36,210,12,4,84,3:30
31,7 rings,Ariana Grande,dance pop,140,32,78,-11,9,33,179,59,33,89,2:59
32,0.958333333333333,Maluma,reggaeton,96,71,78,-5,9,68,176,22,28,89,2:56
33,The London (feat. J. Cole & Travis Scott),Young Thug,atl hip hop,98,59,80,-7,13,18,200,2,15,89,3:20
34,Never Really Over,Katy Perry,dance pop,100,88,77,-5,32,39,224,19,6,89,3:44
35,Summer Days (feat. Macklemore & Patrick Stump of Fall Out Boy),Martin Garrix,big room,114,72,66,-7,14,32,164,18,6,89,2:44
36,Otro Trago,Sech,panamanian pop,176,70,75,-5,11,62,226,14,34,91,3:46
37,Antisocial (with Travis Scott),Ed Sheeran,pop,152,82,72,-5,36,91,162,13,5,87,2:42
38,Sucker,Jonas Brothers,boy band,138,73,84,-5,11,95,181,4,6,80,3:01
39,"fuck, i'm lonely (with Anne-Marie) - from 13 Reasons Why: Season 3",Lauv,dance pop,95,56,81,-6,6,68,199,48,7,78,3:19
40,Higher Love,Kygo,edm,104,68,69,-7,10,40,228,2,3,88,3:48
41,You Need To Calm Down,Taylor Swift,dance pop,85,68,77,-6,7,73,171,1,5,90,2:51
42,Shallow,Lady Gaga,dance pop,96,39,57,-6,23,32,216,37,3,87,3:36
43,Talk,Khalid,pop,136,40,90,-9,6,35,198,5,13,84,3:18
44,Con Altura,ROSALÍA,r&b en espanol,98,69,88,-4,5,75,162,39,12,88,2:42
45,One Thing Right,Marshmello,brostep,88,62,66,-2,58,44,182,7,5,88,3:02
46,Te Robaré,Nicky Jam,latin,176,75,67,-4,8,80,202,24,6,88,3:22
47,Happier,Marshmello,brostep,100,79,69,-3,17,67,214,19,5,88,3:34
48,Call You Mine,The Chainsmokers,edm,104,70,59,-6,41,50,218,23,3,88,3:38
49,Cross Me (feat. Chance the Rapper & PnB Rock),Ed Sheeran,pop,95,79,75,-6,7,61,206,21,12,82,3:26
